web.scraper.order,web.scraper.start.url,autor,num_aportes,titulo,fecha_experiencia,txt_resenia,fecha_escrito
1622516625-204,https://www.tripadvisor.cl/Attraction_Review-g297317-d2256171-Reviews-Guembe-Santa_Cruz_Santa_Cruz_Department.html#REVIEWS,Rocio,"Bogotá, Colombia",Hermoso relajante espectacular,feb. de 2020 • Amigos,"Bioparque guembe es un lugar para conocer aprender Caminar relajar divertirse es un lugar hermoso para ir también en familia hay cabañas es un parque para descansar y divertirse en familia no es para salir por ahí cerca porque no hay nada, ya la ciudad queda como a 20 min pero pasar unos días en el parque es suficiente porque ha mucho por hacer",Escrita el 10 de marzo de 2020
1622516625-195,https://www.tripadvisor.cl/Attraction_Review-g297317-d2256171-Reviews-Guembe-Santa_Cruz_Santa_Cruz_Department.html#REVIEWS,Tatiana M,1 aporte,Un lugar mágico,dic. de 2019 • Solitario,"Un mágico lugar, consciente con el medio ambiente, lleno de hermosos lugares, un increíble compromiso con los animales que ayudan en cautiverio, las piscinas son increíbles, la educación ambiental es gratificante y el personal es generoso y cordial. Recomendado 100%",Escrita el 6 de noviembre de 2020
1622516625-199,https://www.tripadvisor.cl/Attraction_Review-g297317-d2256171-Reviews-Guembe-Santa_Cruz_Santa_Cruz_Department.html#REVIEWS,Marcelo Negrete,1 aporte,Excelente,dic. de 2019 • Pareja,"Muy buen lugar, totalmente recomendable, la naturaleza y los animales que se pueden apreciar 100 puntos todo.",Escrita el 5 de noviembre de 2020
1622516625-196,https://www.tripadvisor.cl/Attraction_Review-g297317-d2256171-Reviews-Guembe-Santa_Cruz_Santa_Cruz_Department.html#REVIEWS,Ivonne L,6 aportes,Lugar magico,dic. de 2019 • Solitario,"Es la mejor experiencia que se puede vivir es un lugar magico cerca a la naruraleza  son muy buenos anfitriones. El trato es excelente todos los que trabajan alli estan pendientes de ofrecernos la mejor atencion sin duda algunala gastronomia super deliciosa, lo recomiendo y ante todo el aseo es super bueno yo voy a volver con toda mi familia porque es el mejor lugar que he conocido en la vida #GUEMBE el mejor sitio de santra cruz de la sierra aquí vivi la mejor epoca de mi vida",Escrita el 6 de noviembre de 2020
1622516625-202,https://www.tripadvisor.cl/Attraction_Review-g297317-d2256171-Reviews-Guembe-Santa_Cruz_Santa_Cruz_Department.html#REVIEWS,Altos del norte Travel,"Iquique, Chile",visita obligada,may. de 2019,"un lugar magico, donde puedes intercambiar el descanso con la naturaleza y la fauna, para el que viaja a santa cruz es un paso obligado, la gastronomia excelente.",Escrita el 25 de marzo de 2020
1622516625-198,https://www.tripadvisor.cl/Attraction_Review-g297317-d2256171-Reviews-Guembe-Santa_Cruz_Santa_Cruz_Department.html#REVIEWS,Maria Lopez,"Santa Cruz, Bolivia",Una gran experiencia,ene. de 2020 • Familia,"El mirador con las parabas rescatadas, los pavo reales. La laguna de las antas.  Y museo de hormigas. Y ni que decir de las piscinas, una con cascada de agua. Es un lugar extraordinario, el dia pasa muy rapido.",Escrita el 5 de noviembre de 2020
1622516625-201,https://www.tripadvisor.cl/Attraction_Review-g297317-d2256171-Reviews-Guembe-Santa_Cruz_Santa_Cruz_Department.html#REVIEWS,Stout Couple CL,"Santiago, Chile",Buen resort pero le falta al restaurant.,abr. de 2020 • Familia,"Bufé muy variado, desde las ensaladas, los fondos y los postres. Fuimos buscando platos y sabores tipicos pero no encontramos lo que buscabamos, sobre todo la sopita de mani. Aun así no nos defraudo totalmente y se lograban resaltar los sabores de sus platos.",Escrita el 10 de abril de 2020
1622516625-197,https://www.tripadvisor.cl/Attraction_Review-g297317-d2256171-Reviews-Guembe-Santa_Cruz_Santa_Cruz_Department.html#REVIEWS,Roi,"Santa Cruz, Bolivia",Excelente,dic. de 2019 • Familia,"Es un lugar bello, tranquilizante y refrescante,  no podria cansarme de ir, los precios son un poco altos pero se puede decir que valen la pena",Escrita el 6 de noviembre de 2020
1622516625-203,https://www.tripadvisor.cl/Attraction_Review-g297317-d2256171-Reviews-Guembe-Santa_Cruz_Santa_Cruz_Department.html#REVIEWS,Stefany Lima,"Montes Claros, MG",Mi lugar preferido en Santa Cruz,ene. de 2020 • Amigos,"Definitivamente está en la lista de mis lugares preferidos de visitar. Es un mini paraíso. Me encanta absolutamente todo. Las piscinas son increíbles, el aviario es una atracción a parte, el orquideario es una obra prima, la naturaleza es bella. Sin contar la cantidad de animales en que uno puede tener contacto en ese lugar. El trabajo que realizar con los animales es noble. Ya perdí la cuenta de cuantas veces visité a Güembé y no me voy a cansar de volver. Lo único que tienen que mejorar es la comida en los quioscos y los precios. Pero en general, el lugar es perfecto!",Escrita el 20 de marzo de 2020
1622516625-200,https://www.tripadvisor.cl/Attraction_Review-g297317-d2256171-Reviews-Guembe-Santa_Cruz_Santa_Cruz_Department.html#REVIEWS,Compass60754466043,2 aportes,Natural,ago. de 2019,"Para escapar de la cuidad y ver la naturaleza, comer bien y sano es aqui. La comida es excelente y variada, los jugos son naturales , se siente el sabor natural de las frutas. El aire limpio y la naturaleza alrededor hace la visita una gran experiencia. Al final de la visita puedes disfrutar de las varias piscinas que hay, ara adultos y ninos. 
Es un lugar apto para ninos ya que hay animales, el limpio, verde y hay piscina para ellos. 
Lo recomiendo.",Escrita el 14 de abril de 2020
1622518405-291,https://www.tripadvisor.cl/Attraction_Review-g297317-d2256171-Reviews-or90-Guembe-Santa_Cruz_Santa_Cruz_Department.html,monamella,"Santiago, Chile",Imperdible,oct. de 2017 • Pareja,"Excelente recinto, bien implementado, excelentes guías y una flora y fauna muy cuidada.
Buenos restaurantes y lugares de esparcimiento.
Puedes estar todo el día con mil cosas para hacer.
Ideal para familias con niños.
Taxis a la puerta.",Escrita el 23 de enero de 2018
1622518405-292,https://www.tripadvisor.cl/Attraction_Review-g297317-d2256171-Reviews-or90-Guembe-Santa_Cruz_Santa_Cruz_Department.html,Andres Felipe Cosme,"Medellín, Colombia",excelente lugar para ir en familia,ene. de 2018 • Familia,"fuimos en familia (esposa e hija de 4 años) y la pasamos muy bien, muy bonito y cuidado lugar, buenas piscinas, muy bonito el mariposario. Buena comida también. Definitivamente volvería.",Escrita el 22 de enero de 2018
1622518405-286,https://www.tripadvisor.cl/Attraction_Review-g297317-d2256171-Reviews-or90-Guembe-Santa_Cruz_Santa_Cruz_Department.html,Pablo C,"Santa Cruz, Bolivia",Excelente para familia y amigos.,dic. de 2017 • Familia,"Fuimos en familia y el lugar es excelente, las piscinas hacen del lugar un atractivo indiscutible en tiempo de calor, la comida variada y de buen sabor, voy cada vez que pudo con mis hijos y recomiendo para pasar un buen momento entre amigos o familia.",Escrita el 10 de febrero de 2018
1622518405-287,https://www.tripadvisor.cl/Attraction_Review-g297317-d2256171-Reviews-or90-Guembe-Santa_Cruz_Santa_Cruz_Department.html,barriosj,"Montevideo, Uruguay",MARAVILLOSO LUGAR,feb. de 2018 • Familia,"El título del lugar es engañoso, es mucho más que un mariposario o lugar para apreciar la naturaleza. El lugar es grande, está muy bien cuidado y tiene bellezas naturales que no se pueden apreciar en otros lados. La jaula de las aves es inmensa y no da nunca la sensación de ser una jaula. Tiene un mirador en su parte más alta que permite ver la ciudad a lo lejos y grandes panorámicas. Los tucanes y guacamayos están tan acostumbrados al contacto con personas que permiten acercarse todo lo que uno quiera. El jardín de las orquídeas está muy bien cuidado y es muy hermoso. Además, la parte recreativa o de ocio está muy bien lograda, hay muchísimas piscinas todas en armonía con la naturaleza y en muy buen estado. Es un lugar muy recomendable para pasar todo el día.",Escrita el 8 de febrero de 2018
1622518405-290,https://www.tripadvisor.cl/Attraction_Review-g297317-d2256171-Reviews-or90-Guembe-Santa_Cruz_Santa_Cruz_Department.html,Miguel F,20 aportes,Lugar para relajarse,feb. de 2017,"Lugar a 40km del centro, muy lindo y con mucha naturaleza, lo que si tienen que tomar en cuenta es que no hay trasporte mas que taxis para llegar y hay que asegurarse de tener algún medio de trasporte, se puede pasar el día o quedarse en alguna cabaña",Escrita el 26 de enero de 2018
1622518405-293,https://www.tripadvisor.cl/Attraction_Review-g297317-d2256171-Reviews-or90-Guembe-Santa_Cruz_Santa_Cruz_Department.html,Sebastian B,8 aportes,Hermoso,ene. de 2018 • Familia,El lugar es hermoso. Las partes de los parques de animales son bellos sobre todo el aviario que cuenta con aves hermosas. La parte de la piscina tambien es muy agradable para pasar la tarde.,Escrita el 15 de enero de 2018
1622518405-294,https://www.tripadvisor.cl/Attraction_Review-g297317-d2256171-Reviews-or90-Guembe-Santa_Cruz_Santa_Cruz_Department.html,Claudia A,"Santa Cruz, Bolivia",A nice chill not very wild place,ago. de 2017 • Amigos,"El mariposario Güembé es un lugar muy interesante.  Cuenta con varios estadíos que te permiten relajarte y olvidarte del estrés de la ciudad.  Mis partes favoritas son el santuario de las aves, que es fascinante por la proximidad que podes tener con las guacamayas rojas y azules y los tucanes y los pericos.  La otra parte es el mariposario pero eso si depende de la época del año porque por ejemplos cuando yo fui, no lo pude ver en su máximo esplendor, así que hay que buscar épocas más veraniegas, que en Sudamerica es diciembre, enero, febrero... La última parte es el restaurante, en donde sirven buena comida, aunque no hay opciones vegetarianas pero tienen muy buen café.  También hay piscinas.  Es un excelente lugar para pasar con familia y amigos un buen día de relax.",Escrita el 9 de enero de 2018
1622518405-288,https://www.tripadvisor.cl/Attraction_Review-g297317-d2256171-Reviews-or90-Guembe-Santa_Cruz_Santa_Cruz_Department.html,Guide753147,2 aportes,Precioso,feb. de 2018,"Destacable para bolivia en general, excelente experiencia de tour selvático. Queríamos ir al parque amboró y es una buena alternativa si es que por lluvias no se puede llegar al mismo. Muy recomendado",Escrita el 3 de febrero de 2018
1622518405-289,https://www.tripadvisor.cl/Attraction_Review-g297317-d2256171-Reviews-or90-Guembe-Santa_Cruz_Santa_Cruz_Department.html,AdrianZanzul,"Provincia de Salta, Argentina",Una belleza de lugar,ene. de 2018,"Excelente lugar para encuentro con la naturaleza,flora,fauna...en un contacto maravilloso.Excelente atención de quienes recepcionan y orientan.Piscina hermosa para estar con la familia y excelente atención en el bar.
Un lugar hermoso e imperdible de conocer!!!
Recomendable 100%",Escrita el 27 de enero de 2018
1622518405-285,https://www.tripadvisor.cl/Attraction_Review-g297317-d2256171-Reviews-or90-Guembe-Santa_Cruz_Santa_Cruz_Department.html,javo CG,"Parramatta, Australia",Maravilloso,feb. de 2018 • Amigos,"El mejor lugar para pasar un día completo. Hay música, piscina, tragos y distracción para todos, muuuuyyy recomendado, no me ara dormir, pero si para visitar un día. No pida buffet, ya que no sale conveniente.",Escrita el 11 de febrero de 2018
1622516768-213,https://www.tripadvisor.cl/Attraction_Review-g297317-d2256171-Reviews-or10-Guembe-Santa_Cruz_Santa_Cruz_Department.html,Angela C,3 aportes,Mala experiencia. Nos hicieron volver en vano.,ene. de 2020,"Hemos venido al parque a la 1:15 p.m. una señorita salió y dijo que estaban llenos y que retornáramos a las 3:00 p.m. de la tarde, que a esa hora la entrada estaría reducida a 50 bolivianos y que podríamos diafrutar de las instalaciones gratamente y brindarían un buen servicio. Hemos regresado a esa hora y ahora no quieren dejarnos entrar a pesar que durante este tiempo he visto salir varios autos con personas. Hasta el momento solo sale un guardia y nos dice que la señorita se equivocó y que recién a las 4:00 p.m. nos dejarán entrar. Muy mal que nos engañen así y no haya respeto y coherencia de parte de la empresa que maneja el parque. Me hacen gastar dos servicios de movilidad y espera, perder el tiempo y pasar momentos desagradables. Mejor es decir la verdad, que no se podrá entrar y evitar todo este disgusto.",Escrita el 26 de enero de 2020
1622516768-209,https://www.tripadvisor.cl/Attraction_Review-g297317-d2256171-Reviews-or10-Guembe-Santa_Cruz_Santa_Cruz_Department.html,juan1286,"Santa Cruz, Bolivia",Para dia completo,feb. de 2020 • Amigos,"Lindo ambiente, para pasar todo un día en familia, un poco lejos pero vale la pena ir, y estar rodeado de naturaleza.",Escrita el 10 de febrero de 2020
1622516768-206,https://www.tripadvisor.cl/Attraction_Review-g297317-d2256171-Reviews-or10-Guembe-Santa_Cruz_Santa_Cruz_Department.html,Liliana B,"San Carlos de Bariloche, Argentina",hermoso,feb. de 2020 • Pareja,Hermoso lugar..piletas..instalaciones..entras a un co.plejo donde tenes todo..un parque ecológico.. y mucha variedad de Ves..nompueden dejar de visitarlo,Escrita el 5 de marzo de 2020
1622516768-208,https://www.tripadvisor.cl/Attraction_Review-g297317-d2256171-Reviews-or10-Guembe-Santa_Cruz_Santa_Cruz_Department.html,sergio a,"Santiago, Chile",Espectacular y entretenido,feb. de 2020 • Familia,"Lugar muy bonito, perfecta armonía entre la naturaleza y visita del ser humano, entretenido para un dia completo con la familia, todo es espectacular y muy agradable a la vista, tienes de todo para pasar un dia muy entretenido.",Escrita el 14 de febrero de 2020
1622516768-212,https://www.tripadvisor.cl/Attraction_Review-g297317-d2256171-Reviews-or10-Guembe-Santa_Cruz_Santa_Cruz_Department.html,justiniano.omar,2 aportes,Interesante,ene. de 2020,El lugar es famoso por el mariposario del que realmente se ve muy poco por la enorme cantidad de visitantes que van,Escrita el 28 de enero de 2020
1622516768-210,https://www.tripadvisor.cl/Attraction_Review-g297317-d2256171-Reviews-or10-Guembe-Santa_Cruz_Santa_Cruz_Department.html,Boris Céspedes,"Cochabamba, Bolivia",Hermoso lugar,dic. de 2019 • Familia,"Un parque familiar para pasar todo el día disfrutando de la naturaleza, de las incontables piscinas entre otras atracciones, todo está bien cuidado y bien atendido. Solo que la comida me pareció muy costosa para las limitadas opciones que había.",Escrita el 7 de febrero de 2020
1622516768-211,https://www.tripadvisor.cl/Attraction_Review-g297317-d2256171-Reviews-or10-Guembe-Santa_Cruz_Santa_Cruz_Department.html,Ivilop,53 aportes,Te quedas con Ganas de más. Sabor a poco,ene. de 2020 • Familia,"El lugar está lindo (naturaleza ) 
Los ambientes del parque no están bien mantenidos. Tiene mucho material para mejorar. 
Si quieres atracciones acción  o xtreme no hay. Agua piletones maso se podría invertir más y tener un señor parque. En Santacruz teniendo ala selva cerca  se espera algo impresionante pero te quedas con ganas de poco.",Escrita el 28 de enero de 2020
1622516768-214,https://www.tripadvisor.cl/Attraction_Review-g297317-d2256171-Reviews-or10-Guembe-Santa_Cruz_Santa_Cruz_Department.html,power0459,"Santa Cruz, Bolivia",Precios,ene. de 2020 • Amigos,Precios ? Es k estoy armando un junte y estoy buscando lugares  a ver cuál es mejor así para saber si es caro  Y aparte  mala la atención es k ya me tocó lugares así xD,Escrita el 23 de enero de 2020
1622516768-207,https://www.tripadvisor.cl/Attraction_Review-g297317-d2256171-Reviews-or10-Guembe-Santa_Cruz_Santa_Cruz_Department.html,Daniel A,"Santa Cruz, Bolivia",Interesante,ene. de 2020 • Amigos,"Vale la pena para una sola vez, recomendado coger un uber, no es lejos. la entrada salió como 150Bs, permite acceso a las piscinas, kayak, y caminatas por el parque. Lo malo la única opción de almuerzo es buffet como 120bs adicionales, sin bebida! Jaja, pero malo, mal servicio, mucha gente y no hay mesas por lo que improvisan unas plasticas afuera.
El aveario vale la pena conocer y las piscinas.",Escrita el 20 de febrero de 2020
1622516768-205,https://www.tripadvisor.cl/Attraction_Review-g297317-d2256171-Reviews-or10-Guembe-Santa_Cruz_Santa_Cruz_Department.html,María Emilia,3 aportes,Recomendadísimo,feb. de 2020,"La hosteria es enorme y hermosa. Hay varias actividades para hacer. Hay como ver aves, mariposas y también animales terrestres. Existen también varias piscinas hermosas con cascadas y pequeños oboganes. Para comer hay un restaurante de cafe y sandwiches o buffet. Sin dudarlo regresaría!",Escrita el 9 de marzo de 2020
1622517984-216,https://www.tripadvisor.cl/Attraction_Review-g297317-d2256171-Reviews-or20-Guembe-Santa_Cruz_Santa_Cruz_Department.html,Daniel R,"La Paz, Bolivia",Una visita que no se puede soslayar,dic. de 2019 • Familia,"una paseo por la naturaleza que todos quisiéramos conservar, tenerla en la sala de casa, vivir en armonía con todo lo que allí uno puede ver, hermosos paisajes, mariposario incontable hay que vivirlo.",Escrita el 30 de diciembre de 2019
1622517984-218,https://www.tripadvisor.cl/Attraction_Review-g297317-d2256171-Reviews-or20-Guembe-Santa_Cruz_Santa_Cruz_Department.html,Hernan S,1 aporte,Precios,dic. de 2019 • Familia,"Excesivo precio paraentrar a la piscina , y no dejan meter ni agua , este lunes preguntare en defensa al consumidor si no hay una ley vigente contra este tipo de situacion como en los cines",Escrita el 15 de diciembre de 2019
1622517984-217,https://www.tripadvisor.cl/Attraction_Review-g297317-d2256171-Reviews-or20-Guembe-Santa_Cruz_Santa_Cruz_Department.html,Jose Horacio D,"Santa Cruz, Bolivia",Lindo lugar para pasear en Santa Cruz,sep. de 2019 • Familia,Ahora que esta con asfalto ya es mucho más fácil llegar a ver esta paraiso natural. Un lugar en que. Merece nser visitado temprano para almorzar y pasear y salir al final del día.,Escrita el 25 de diciembre de 2019
1622517984-215,https://www.tripadvisor.cl/Attraction_Review-g297317-d2256171-Reviews-or20-Guembe-Santa_Cruz_Santa_Cruz_Department.html,Icisne,"La Paz, Bolivia",Muy lleno,ene. de 2020 • Familia,"Fuimos por vacaciones,  debo aceptar que no me agrada el lugar y nuevamente lo comprobé. 
Es demasiado lleno, la comida cara y mala, los baños sucios y pocos para la cantidad de gente que hay, definitivamente no volveré.",Escrita el 5 de enero de 2020
1622517984-224,https://www.tripadvisor.cl/Attraction_Review-g297317-d2256171-Reviews-or20-Guembe-Santa_Cruz_Santa_Cruz_Department.html,cbavestrello,"Quillota, Chile",Imperdible!,feb. de 2019,"Contexto
Viaje familiar: Padre, madre e hijo de 3 años.

Cómo Llegamos
- Contratamos un taxi: Pablo Ugarte, a quien conocimos al llegar al aeropuerto. Tras conversar con él y barajar valores, notamos que era alguien en quien confiar y utilizamos sus servicios en todas las salidas. Incluso nos realizó ofertas para hacer los tours a precios más baratos que los ofrecidos por las agencias.  Su número es +591 63481195.

Valores: 
A precio boliviano el Biocentro Güembé podría considerarse caro, teniendo costos de 140 bolivianos(tiende a variar), lo que equivale aproximadamente a unos $14.800 pesos chilenos por adulto. Los niños tienen tarifas diferenciadas. Lo vale completamente, pues con eso tienes incluido el almuerzo tipo buffet, acceso a todas las piscinas (que son muchas), al aviario(espectacular con un mirador en altura), el mariposario, tortugario, una isla con monos, un orquideario, y todo se puede visitar con un guía que explica muy detalladamente todo.

*Se recomienda repelente (Muchos mosquitos)",Escrita el 28 de septiembre de 2019
1622517984-219,https://www.tripadvisor.cl/Attraction_Review-g297317-d2256171-Reviews-or20-Guembe-Santa_Cruz_Santa_Cruz_Department.html,gusver,gustavoiquique@gmail.com,Un lugar imperdible en Santa Cruz.,oct. de 2019,"Un hermoso parque con aves, mariposas, monos y tortugas además de una vegetación exuberante y muy bien cuidada. Hermosas piscinas y senderos que llevan a la copa misma de los árboles en donde existe un mirador que permite apreciar la inmensidad y la belleza del lugar. Mención especial para el restaurante que por un precio asequible entrega un almuerzo buffet de excelencia y rebajado para ta tercera edad.",Escrita el 13 de octubre de 2019
1622517984-222,https://www.tripadvisor.cl/Attraction_Review-g297317-d2256171-Reviews-or20-Guembe-Santa_Cruz_Santa_Cruz_Department.html,Camachin68,4 aportes,Un excelente lugar para pasar un día junto a la naturaleza y aprovechar para relajarse y descansar,abr. de 2019,"Lugar especial para ir a pasear, aprovechar las caminatas instruidas por los guías, mirar y admirar un sin fin de aves, insectos y plantas. El descanso está planificados con buenas piscinas y un torrente de agua divertido. La comida y bebida restringida en el ingreso y con precios no muy económicos.",Escrita el 8 de octubre de 2019
1622517984-223,https://www.tripadvisor.cl/Attraction_Review-g297317-d2256171-Reviews-or20-Guembe-Santa_Cruz_Santa_Cruz_Department.html,Katherine Laurie,"Chiguayante, Chile",Maravilloso muy recomendable,oct. de 2019,"Enamorada del aviario y la flora y fauna, todo muy limpio y ordenado, ambiente agradable, totalmente recomendable para todo tipo de turistas y familias, el personal es amable, el valor de la entrada la considero razonable, aunque escuché varios comentarios de que era muy alto el costo.",Escrita el 30 de septiembre de 2019
1622517984-220,https://www.tripadvisor.cl/Attraction_Review-g297317-d2256171-Reviews-or20-Guembe-Santa_Cruz_Santa_Cruz_Department.html,caritoalto,"Barranquilla, Colombia",Excelente,oct. de 2019 • Amigos,"Hermosas instalaciones, muy relajante, seguro, buena comida, excelente servicio, ideal para compartir con amigos!",Escrita el 13 de octubre de 2019
1622517984-221,https://www.tripadvisor.cl/Attraction_Review-g297317-d2256171-Reviews-or20-Guembe-Santa_Cruz_Santa_Cruz_Department.html,DDR_13,"Ciudad La Paz, La Paz, Bolivia",Imperdible en SCZ,sep. de 2019,"Parque Ecológico en SCZ, con piscinas, aviarío, restaurante y más.  Ideal para pasar el día completo, el servicio es muy bueno.  En fin, lugar muy recomendable para pasar en familia o pareja.",Escrita el 11 de octubre de 2019
1622518052-230,https://www.tripadvisor.cl/Attraction_Review-g297317-d2256171-Reviews-or30-Guembe-Santa_Cruz_Santa_Cruz_Department.html,Jaime B,"Iquique, Chile",Hermoso lugar,jul. de 2019,"- Es un lugar tranquilo, lindo e ideal para ir en familia.
- Sin duda, debes visitarlo si vienes a Santa Cruz.
- El servicio de Buffet es muy bueno.",Escrita el 20 de julio de 2019
1622518052-233,https://www.tripadvisor.cl/Attraction_Review-g297317-d2256171-Reviews-or30-Guembe-Santa_Cruz_Santa_Cruz_Department.html,vanina m,Bolivia,Da del otro mundo,abr. de 2019 • Familia,"La verdad las instalaciones son bastante precarias, la variedad de animales no es tanto como las que indican en la publicidad, no había ni una Orquídea en flor que es una de las atracciones que ofrece este lugar. Hay unas piscinas como para tomar un baño, pero hay demasiada gente... el nivel tampoco es bueno. No nos gustó",Escrita el 10 de junio de 2019
1622518052-232,https://www.tripadvisor.cl/Attraction_Review-g297317-d2256171-Reviews-or30-Guembe-Santa_Cruz_Santa_Cruz_Department.html,Mirna A,"Ciudad de Guatemala, Guatemala",El lugar se dice que es un mariposario.,may. de 2019 • Amigos,Pero en su lugar se pueden observar bastantes guacamayas tortugas y monos está bastante descuidado está cerca de la ciudad,Escrita el 15 de junio de 2019
1622518052-227,https://www.tripadvisor.cl/Attraction_Review-g297317-d2256171-Reviews-or30-Guembe-Santa_Cruz_Santa_Cruz_Department.html,Gustavo A,10 aportes,Pésimo servicio caro y malas instalaciones,ago. de 2019 • Familia,La entrada es carísima para la economía boliviana . No orquídeas en el orquideareo . El aviario son un par de tucanes y loros . Solo había una piscina funcionando y llena de pelos y sucia . Los baños no están limpios. De verdad para los casi 20 usd de la entrada no merece la pena . Detestable,Escrita el 18 de agosto de 2019
1622518052-231,https://www.tripadvisor.cl/Attraction_Review-g297317-d2256171-Reviews-or30-Guembe-Santa_Cruz_Santa_Cruz_Department.html,ferurquizo,"Santiago, Chile",Panorama para el día completo,ago. de 2018 • Negocios,"lindo lugar para pasar una tarde de calor, visitas el mariposario, luego comes algo y finalmente te vas de piscinas.

es un panorama para el día completo, es recomendable llegar temprano.",Escrita el 2 de julio de 2019
1622518052-229,https://www.tripadvisor.cl/Attraction_Review-g297317-d2256171-Reviews-or30-Guembe-Santa_Cruz_Santa_Cruz_Department.html,Anibal,"Santiago, Chile",Excelente lugar para visitar en familia,jul. de 2019 • Familia,"A unos 30 min del centro (tal vez menos) ideal para pasar el día en familia, se aconseja llegar temprano. Si viajan es importante que revisen las tarifas de los taxis, si piden un Uber desde el 2do anillo con San Martín son 29Bs, algunos taxis del hotel nos cobraban 60Bs, el lugar abre todos los días del año, 140Bs adultos y 40 niños, si llegan después de las 16hrs las tarifas son mucho más bajas. Pagando esos valores tienes acceso a todo menos las comidas, creo que 120Bs el buffet por persona y 40Bs una hamburguesa con papas sin bebida, no es de lo mejor  (+12Bs una bebida). También hay un mini bus que conecta con el Mall Ventura, el lugar tiene varios puntos con WiFi. Aparte de los senderos por el aviario (lo mejor con su mirador), mariposario, orquideario,  Tiene 3 piscinas grandes y muchas más pequeñas, si nos bañamos en las piscinas en esta fecha había una temperatura de unos 28^C, también una zona de piscina y juegos para niños pequeños. Creo que este es un imperdible de Santa Cruz más aún si viajan con familia.",Escrita el 24 de julio de 2019
1622518052-228,https://www.tripadvisor.cl/Attraction_Review-g297317-d2256171-Reviews-or30-Guembe-Santa_Cruz_Santa_Cruz_Department.html,Mar D,"Madrid, España",Un oasis de paz,sep. de 2018,Fuimos en agosto y no había mucha gente. Nos gustó mucho ver a los tucanes sueltos. El agua estaba un poco fría pero nos bañamos. La comida del restaurante estaba estupenda. Hasta nos atrevimos a tomar ensalada... Estaba todo muy limpio,Escrita el 7 de agosto de 2019
1622518052-234,https://www.tripadvisor.cl/Attraction_Review-g297317-d2256171-Reviews-or30-Guembe-Santa_Cruz_Santa_Cruz_Department.html,LorenaSugier,"Santa Cruz, Bolivia","Si te gustan los lugares paradisíacos, Güembé es uno de ellos.",feb. de 2019 • Amigos,"La vegetación de la zona es uno de sus mayores atractivos, la comida es variada, las recreaciones son su punto máximo, Lugar para ser visitado en familia.",Escrita el 4 de junio de 2019
1622518052-226,https://www.tripadvisor.cl/Attraction_Review-g297317-d2256171-Reviews-or30-Guembe-Santa_Cruz_Santa_Cruz_Department.html,Jade V,8 aportes,Impresionante,ago. de 2019,"Bellisimo lugar, para disfrutar todo el dia, estas en una pileta y de pornto podes adentrarte en una selva, infinidad de animales y aves, increible lugar, con un monton de comodidades, comida muy rica y tarifa especial para jubilados.. NO SE LO PUEDEN PERDER!!!",Escrita el 13 de septiembre de 2019
1622518052-225,https://www.tripadvisor.cl/Attraction_Review-g297317-d2256171-Reviews-or30-Guembe-Santa_Cruz_Santa_Cruz_Department.html,CCharlie1991,"Quito, Ecuador",Genial!,sep. de 2019,"Un sitio increible para relajarse y pasar un buen momento en familia... Tiene varias actividades para realizarlas durante el dia y sitios para pasar en familia... Un lugar alejado del centro de la ciudad pero que vale la pena visitar... La comida es muy buena, tipo buffet con platos locales, un must go si eres extranjero o local...",Escrita el 20 de septiembre de 2019
1622518129-236,https://www.tripadvisor.cl/Attraction_Review-g297317-d2256171-Reviews-or40-Guembe-Santa_Cruz_Santa_Cruz_Department.html,Iso,11 aportes,un mini jurassic park,abr. de 2019 • Familia,"la verdad aun cuando es triste ver a los animale en cautiverio, el lugar es muy lindo y los espacios y hábitat que han logrado para las especies  se ven cuidadas y amplias. Amo a los animales y varios de los que hay en ese lugar no los había visto más que en documentales. Además hay una señora que lleva como 40 años cultivando orquídeas, muy entregada. Mariposas de todos colores también. Para recorrer hay unos senderos, puentes elevados, escaleras para ascender y lograr una panorámica del lugar donde te acompañan unos guacamayos enormes y multicolores (parecían de la película Río, los espacios son como los de jurassic park en que vas cerrando puertas para entrar a otro ambiente...la verdad encantador el lugar. Para los que van con niños, después pueden pasar la tarde piscineando.",Escrita el 22 de mayo de 2019
1622518129-243,https://www.tripadvisor.cl/Attraction_Review-g297317-d2256171-Reviews-or40-Guembe-Santa_Cruz_Santa_Cruz_Department.html,Ali B,"Santa Cruz, Bolivia",Lugar mágico,dic. de 2017,Un lugar maravilloso para tener un contacto especial con la naturaleza y disfrutar una vista excepcional de Santa Cruz.,Escrita el 17 de noviembre de 2018
1622518129-237,https://www.tripadvisor.cl/Attraction_Review-g297317-d2256171-Reviews-or40-Guembe-Santa_Cruz_Santa_Cruz_Department.html,choco segurola,"La Paz, Bolivia",Naturaleza,jun. de 2018 • Pareja,"A pocos kilometros de la ciudad, un espacio para disfrutar de la naturaleza y las piscinas. Hermoso, algo costoso pero vale la pena",Escrita el 12 de mayo de 2019
1622518129-239,https://www.tripadvisor.cl/Attraction_Review-g297317-d2256171-Reviews-or40-Guembe-Santa_Cruz_Santa_Cruz_Department.html,Fabiola B,2 aportes,Paraíso,mar. de 2019 • Familia,"Fuimos toda la familia por un día, la pasamos super bien, nos apuntamos a un paseo con guía, recorrimos todo y nos encanto, luego fuimos a comer al restaurante y la comida estaba muy rica, la atención buena también.
Recorrimos las piscinas y paseamos por los alrededores.
La única pega, fue con los kayaks, parece que la persona que trabaja ahí está arto de su trabajo, fuimos a buscar los chalecos mientras él estaba sentado con su móvil, pues buscábamos las tallas por nuestra cuenta,cuando salimos del paseo, él seguía con su móvil, no nos ayudó a salir, creo que sí se aburre debería limpiar el lago por lo menos ya que está muy descuidado.",Escrita el 22 de marzo de 2019
1622518129-242,https://www.tripadvisor.cl/Attraction_Review-g297317-d2256171-Reviews-or40-Guembe-Santa_Cruz_Santa_Cruz_Department.html,Paula D,"Buenos Aires, Argentina",Paseo distinto,dic. de 2018,"Súper entretenido y familiar
Ideal para ir con niños jornada completa 
Las instalaciones muy bien cuidadas",Escrita el 10 de diciembre de 2018
1622518129-238,https://www.tripadvisor.cl/Attraction_Review-g297317-d2256171-Reviews-or40-Guembe-Santa_Cruz_Santa_Cruz_Department.html,Héctor G,4 aportes,INCREIBLE LUGAR,oct. de 2018,"Un lugar increible, aunque fuimos en mala epoca para el mariposario, pocos ejemplares, pero el lugar es Imperdible, no dejar de visitar si estas por Santa Cruz de la Sierra.",Escrita el 7 de mayo de 2019
1622518129-240,https://www.tripadvisor.cl/Attraction_Review-g297317-d2256171-Reviews-or40-Guembe-Santa_Cruz_Santa_Cruz_Department.html,Wilmita,"Lima, Perú",Un lugar incomparable,ene. de 2019 • Familia,"Güembé es interesante por todo lo que ofrece a los usuarios, niños, jóvenes y gente mayor pueden divertirse juntos. Tiene buena comida, el precio es un poco alto. Debía ofrecer paquetes incluyendo uso del lugar y comida.",Escrita el 17 de marzo de 2019
1622518129-241,https://www.tripadvisor.cl/Attraction_Review-g297317-d2256171-Reviews-or40-Guembe-Santa_Cruz_Santa_Cruz_Department.html,Carrasco Miryam,"Santa Cruz, Bolivia",Muy lindo lugar,ene. de 2019 • Familia,"Lo mas lindo el aviario y los monos 
Las piscinas muy lindas 
El restaurant lo encontre caro y no muy bueno",Escrita el 24 de enero de 2019
1622518129-244,https://www.tripadvisor.cl/Attraction_Review-g297317-d2256171-Reviews-or40-Guembe-Santa_Cruz_Santa_Cruz_Department.html,eamb55,"Badajoz, España",Excelente paseo,oct. de 2018,"Es un parque natural con un agradable paseo entre exuberante vegetación, mariposario, jaula de aves .... etc. Estupendas piscinas y un restaurante -bufet muy bueno",Escrita el 1 de noviembre de 2018
1622518129-235,https://www.tripadvisor.cl/Attraction_Review-g297317-d2256171-Reviews-or40-Guembe-Santa_Cruz_Santa_Cruz_Department.html,Camachin,"La Paz, Bolivia",Dia de paseo,mar. de 2019 • Familia,Un buen lugar para ir de parcial como familia y disfrutar de la variedad de plantas aves e insectos. Importante la participación de los guías,Escrita el 4 de junio de 2019
1622518194-249,https://www.tripadvisor.cl/Attraction_Review-g297317-d2256171-Reviews-or50-Guembe-Santa_Cruz_Santa_Cruz_Department.html,anovoa,"Villa de Leyva, Colombia",El mejor aviario que he visto,sep. de 2018 • Solitario,"El lugar a mi juicio está muy bien construido, cuidando un buen balance entre zonas de naturaleza y sociales. El aviario es muy lindo, con un domo al cual subir que provee una vista espectacular.",Escrita el 12 de septiembre de 2018
1622518194-246,https://www.tripadvisor.cl/Attraction_Review-g297317-d2256171-Reviews-or50-Guembe-Santa_Cruz_Santa_Cruz_Department.html,robert r,"Santa Cruz, Bolivia",Excelente Lugar,abr. de 2018 • Familia,"Un hermozo lugar para ir con la familia, las instalaciones son comodas, y la atención de primera, el servicio en el restaurante es muy bueno al igual que la comida",Escrita el 2 de octubre de 2018
1622518194-251,https://www.tripadvisor.cl/Attraction_Review-g297317-d2256171-Reviews-or50-Guembe-Santa_Cruz_Santa_Cruz_Department.html,Miguel Silva,"Santa Cruz, Bolivia","un bellisimo paraiso ,la naturaleza expresandose en vivo",oct. de 2017 • Amigos,miles de mariposas te dan la bienvenida encontre paz y tranquilidad en eeste paraiso muchas opciones para disfrutar atracciones en tdoda la instalacion la recepcion se erealizo con carino y amabilidad dias inolvidab;les,Escrita el 30 de agosto de 2018
1622518194-245,https://www.tripadvisor.cl/Attraction_Review-g297317-d2256171-Reviews-or50-Guembe-Santa_Cruz_Santa_Cruz_Department.html,Lenin P,"Santa Cruz, Bolivia",Paseo familiar,ene. de 2018 • Familia,"Hermoso lugar altamente recomendado si vienes de viaje a Santa Cruz, aquí tienes la oportunidad de conocer más acerca de la flora y fauna de Santa Cruz de la Sierra",Escrita el 21 de octubre de 2018
1622518194-248,https://www.tripadvisor.cl/Attraction_Review-g297317-d2256171-Reviews-or50-Guembe-Santa_Cruz_Santa_Cruz_Department.html,Katia Alejandra,"Santiago, Chile",Hermoso paseo recreacional,sep. de 2018 • Familia,"Fui con un grupo familiar grande, constituido por adultos, adolescentes y niños pequeños.
Encontré que era algo cara la entrada considerando que no incluía nada mas que uso de las áreas verdes y piscinas, y que tampoco podías ingresar con alimentos (eso perfecto, para cuidar el entorno). Éstas costaban 140 Bs adulto y 40 Bs Niños de 2 a 11 años.
Para almorzar contabas o con el restaurante buffet que cobraba 120 Bs por adulto y 60 bs por niño. o por kiosko de comida rápida, ofreciendo hamburguesa o milanesa  en precios de 40 a 60 Bs.

Atracciones:
- Areas verdes hermosas
- Zona de niños
- Aviario
- Mariposario
- Tortugas
- Isla de monos
- Animales sueltos
- Psicinas
- laguna para Kayacs

Muy hermoso lugar.
En el aviario,  los loros/papagayos se suben a las espaldas de las personas, son inofensivos, ideal para sacar lindas fotos!",Escrita el 21 de septiembre de 2018
1622518194-253,https://www.tripadvisor.cl/Attraction_Review-g297317-d2256171-Reviews-or50-Guembe-Santa_Cruz_Santa_Cruz_Department.html,Manolo G,"Miami, FL",Hotel/Parque Tematico Natural,jul. de 2018 • Familia,Muy bonito parque con amplias exhibiciones de fauna y flora local. Tiene cabañas para hospedaje ademas de piscinas y restaurantes. My recomendable para visitantes a Santa Cruz.,Escrita el 27 de agosto de 2018
1622518194-247,https://www.tripadvisor.cl/Attraction_Review-g297317-d2256171-Reviews-or50-Guembe-Santa_Cruz_Santa_Cruz_Department.html,Pablo C,"Buenos Aires, Argentina",Excelente Lugar!!!!,sep. de 2018 • Pareja,"Es un hermoso bioparque, la entrada nos costo 180 Boliviano por persona, casi 50 dolares la pareja, te encontras con una variedad grande de vegetación, tenes diferentes sectores donde hay animales, como monos, avestruz, el mariposario, un pequeño reptilario, las diferentes piletas, donde podes meterte, desde las que son para los pequeños hasta adultos, podes usar cayacs en los lagos, muchas camillas  para tomar sol, hay snack bar y un restaurant que te ofrece un menu libre por 120 Bolivianos por persona.",Escrita el 30 de septiembre de 2018
1622518194-254,https://www.tripadvisor.cl/Attraction_Review-g297317-d2256171-Reviews-or50-Guembe-Santa_Cruz_Santa_Cruz_Department.html,Meri A,"Barcelona, España",No dejar de visitar,ago. de 2018 • Familia,"Un parque precioso, limpio y bien cuidado. A 15 minutos en coche del centro de sta.cruz (sin trafico). No olvidar el bañador y toalla para poder disfrutar de las piscinas. El mariposario es muy interesante y te hacen un tour guiado gratuito. La chica que nos hizo el tour nos explicó fantasticamente el ciclo de vida de las mariposas y tambien nos acompañó a las diferentes zonas del parque junto con sus explicaciones. Son visitas en grupo pequeño y hay que pedir hora cuando se entra al parque. Tambien hay esculturas por el parque que se pueden comprar: una galería de arte en plena naturaleza.
El coste de la entrada es algo elevada para los adultos (140Bs) pero economica para los niños (40Bs) aunque puedes pasar todo el día. Tambien hay tarifas reducidas de media jornada a partir de una cierta hora de la tarde.",Escrita el 24 de agosto de 2018
1622518194-252,https://www.tripadvisor.cl/Attraction_Review-g297317-d2256171-Reviews-or50-Guembe-Santa_Cruz_Santa_Cruz_Department.html,Javier Arze Justiniano,"Santa Cruz, Bolivia",Excelente opción de esparcimiento!!!,mar. de 2018 • Familia,"Una excelente distribución del espacio, un encuentro con la naturaleza de primer nivel, buena atención, limpieza en todo el centro turístico, buena comida.",Escrita el 27 de agosto de 2018
1622518194-250,https://www.tripadvisor.cl/Attraction_Review-g297317-d2256171-Reviews-or50-Guembe-Santa_Cruz_Santa_Cruz_Department.html,Francisco Movillo,"Osorno, Chile",Muy bueno con fines recrecionales.,ago. de 2018 • Amigos,"Cerca de Santa Cruz y donde puedes pasar una tarde divertida y apagar el calor que asedia. Precios adecuados, con rebaja para la tercera edad incluyendo el descuento para el almuerzo que es muy bueno. Recomendable",Escrita el 6 de septiembre de 2018
1622518277-262,https://www.tripadvisor.cl/Attraction_Review-g297317-d2256171-Reviews-or60-Guembe-Santa_Cruz_Santa_Cruz_Department.html,Belsy G,"Ciudad de Panamá, Panamá",Lo mas cerca De playa,jul. de 2018 • Familia,"Es un super resort excelente para pasar todo el dia, en vista que Bolivia no tiene salida al mar esto es lo mas parecido que hay. Disfrutas de un delicioso almuerzo con ricos asados de variedades de carnes",Escrita el 9 de julio de 2018
1622518277-256,https://www.tripadvisor.cl/Attraction_Review-g297317-d2256171-Reviews-or60-Guembe-Santa_Cruz_Santa_Cruz_Department.html,Francisco Aro,68 aportes,Maravillosamente Hermoso,oct. de 2017 • Solitario,"Es un  lugar divino, flora y fauna espectacular, caminar, no me hospede pero creo que debe ser maravilloso para descansar, muy recomendable ir si estas en santa cruz",Escrita el 7 de agosto de 2018
1622518277-258,https://www.tripadvisor.cl/Attraction_Review-g297317-d2256171-Reviews-or60-Guembe-Santa_Cruz_Santa_Cruz_Department.html,Lorena A,"Santa Cruz, Bolivia",Excelente paseo en SC,oct. de 2017 • Pareja,"Un lugar ideal para disfrutar de las piscinas, refrescarse, tomar sol y relajarse junto a la naturaleza.  Lugar limpio y agradable. Muy recomendable.",Escrita el 5 de agosto de 2018
1622518277-264,https://www.tripadvisor.cl/Attraction_Review-g297317-d2256171-Reviews-or60-Guembe-Santa_Cruz_Santa_Cruz_Department.html,mfor2018,"Santa Cruz, Bolivia",Desde su Apertura Hasta Ahora -- Solo Mejoran más y más...,jun. de 2018 • Familia,"Piscinas naturales como las de Guembe....  no tienen comparación! el lugar es tan diverso que no te alcanza el día para disfrutar de cada una de las atracciones que nos ofrecen, paseos, canoas, bares, cabañas divinas, en la noche espectacular iluminación el Mariposario y el Mirador... muy feliz de que este lugar este en mi ciudad hermosa Santa Cruz de la Sierra :)",Escrita el 9 de julio de 2018
1622518277-257,https://www.tripadvisor.cl/Attraction_Review-g297317-d2256171-Reviews-or60-Guembe-Santa_Cruz_Santa_Cruz_Department.html,CalifaPERU,"Lima, Perú",Tremendo lugar,jul. de 2018 • Pareja,"La propuesta de valor es clara, cuidado del medio ambiente. Muy buenas piscinas y una gran oferta de biodiversidad.",Escrita el 5 de agosto de 2018
1622518277-260,https://www.tripadvisor.cl/Attraction_Review-g297317-d2256171-Reviews-or60-Guembe-Santa_Cruz_Santa_Cruz_Department.html,mayraelvalle,"San Juan, Puerto Rico",Contacto con la flora y fauna de Bolivia,jun. de 2018,"Es un excelente lugar para en alguna medida conocer la flora y fauna de Bolivia. Tiene un mariposario y un aviario ambos en muy buenas condiciones. Hay monitos tanto en cautiverio como sueltos por el lugar. Tienen un área para hacer yoga, meditación o simplemente apreciar la bella arquitectura del jardín rodeado de orquídeas y agua cayendo de lugares altos con mariposas revoloteando entre las plantas. Excelente para observar aves, no sólo las que están dentro del aviario sino que hay otras diversas aves que libremente habitan el lugar. El restaurante es excelente, el servicio, la presentación de los platos, la limpieza, los baños...todo a un nivel alto para agradar al turista que va al lugar a tener un aparte con la naturaleza. ( En el restaurante nos tenían un televisor gigante para poder ver la transmisión del Mundial de Fútbol, Rusia 2018).",Escrita el 24 de julio de 2018
1622518277-255,https://www.tripadvisor.cl/Attraction_Review-g297317-d2256171-Reviews-or60-Guembe-Santa_Cruz_Santa_Cruz_Department.html,Genaro P,"Viña del Mar, Chile",Gebial,ago. de 2018,"Excelente lugar, muy hermoso y con gran espacio, todo muy bien mantenido se nota mucha preocupación, destino imperdible en Santa Cruz",Escrita el 19 de agosto de 2018
1622518277-261,https://www.tripadvisor.cl/Attraction_Review-g297317-d2256171-Reviews-or60-Guembe-Santa_Cruz_Santa_Cruz_Department.html,Cesar V,"Santiago, Chile",Buenísimo,jul. de 2018 • Pareja,Excelente parque sus piscinas fantástico buen sitio para estar en familia y compartir en pareja. Recomendado,Escrita el 17 de julio de 2018
1622518277-263,https://www.tripadvisor.cl/Attraction_Review-g297317-d2256171-Reviews-or60-Guembe-Santa_Cruz_Santa_Cruz_Department.html,sergio s,"Santa Cruz, Bolivia",Excelente lugar,oct. de 2017 • Familia,"Totalmente recomendable, un destino paradisíaco cerca de la ciudad, buena atención, buena comida, volvería muchas veces!",Escrita el 9 de julio de 2018
1622518277-259,https://www.tripadvisor.cl/Attraction_Review-g297317-d2256171-Reviews-or60-Guembe-Santa_Cruz_Santa_Cruz_Department.html,Alejandro Malla,"Iquique, Chile",Descanso asegurado,nov. de 2017,"Un lugar muy tranquilo, para descansar, cercano a todo y lo suficientemente apartado de la urbe y su bullicio...cuenta con excelentes atracciones y a costos razonables para todo bolsillo.",Escrita el 30 de julio de 2018
1622518327-271,https://www.tripadvisor.cl/Attraction_Review-g297317-d2256171-Reviews-or70-Guembe-Santa_Cruz_Santa_Cruz_Department.html,olga l,7 aportes,Bello lugar para descansar,nov. de 2017 • Pareja,"Fui en familia en verano y la verdad si vale la pena, lo unico malo es la manera como te revisan y obligan a consumir alimentos dentro del hotel, pero bueno tienen excelentes instalaciones.",Escrita el 17 de mayo de 2018
1622518327-270,https://www.tripadvisor.cl/Attraction_Review-g297317-d2256171-Reviews-or70-Guembe-Santa_Cruz_Santa_Cruz_Department.html,michelleQ376WO,"San Diego, CA",super para los niños,abr. de 2018 • Familia,"ligar enorme muy bien puesto, las piscinas grandes con actividades para todas las edades. el lugar donde se encuentran los animales esta super bien hecho..lindo ligar para pasar el día.
la comida deja mucho que desear.",Escrita el 28 de mayo de 2018
1622518327-266,https://www.tripadvisor.cl/Attraction_Review-g297317-d2256171-Reviews-or70-Guembe-Santa_Cruz_Santa_Cruz_Department.html,Sabrina C,19 aportes,Lugar hermoso,abr. de 2018 • Amigos,"Lugar muy limpio con muchas actividades. hay flora y fauna y tambien restaurante, bar y piscinas para niños y mayores.",Escrita el 2 de julio de 2018
1622518327-273,https://www.tripadvisor.cl/Attraction_Review-g297317-d2256171-Reviews-or70-Guembe-Santa_Cruz_Santa_Cruz_Department.html,rgsaenz,"La Paz, Bolivia",Paradisiaco,feb. de 2018 • Familia,"Cerca del Hotel, lugar muy propio para estar en familia, la flora y fauna que se puede ver son increhíbles, las piscinas muy lindas propio para estar en familia",Escrita el 7 de mayo de 2018
1622518327-269,https://www.tripadvisor.cl/Attraction_Review-g297317-d2256171-Reviews-or70-Guembe-Santa_Cruz_Santa_Cruz_Department.html,Alvaro S,"Nueva York, Estado de Nueva York",Gran lugar para relajarse,dic. de 2017 • Amigos,"Un lugar muy relajante, donde se puede disfrutar de lindas piscinas, uno siente que está en el Caribe. Muy cerca a la ciudad",Escrita el 6 de junio de 2018
1622518327-268,https://www.tripadvisor.cl/Attraction_Review-g297317-d2256171-Reviews-or70-Guembe-Santa_Cruz_Santa_Cruz_Department.html,Muriel,"Limache, Chile",Imperdible,jun. de 2018 • Pareja,"Un gran lugar para estar en contacto con la naturaleza, bien logrado y mantenido, lamentablemente el día que fuimos no pudimos acceder a los restaurantes porque tenían una reserva para un grupo grande.
Ese día no había agua para vender ni jugos o gaseosas sin azúcar, indispensable para la caminata por el lugar.
Me imagino que sería por lo del grupo que estaba ocupando todos los lugares para comer.

Recomiendo no perdérselo, paseo hermoso.",Escrita el 11 de junio de 2018
1622518327-265,https://www.tripadvisor.cl/Attraction_Review-g297317-d2256171-Reviews-or70-Guembe-Santa_Cruz_Santa_Cruz_Department.html,Pablo T,2 aportes,Hermosas Píscinas,sep. de 2017,"Buen aseo , imagen , lugar , decoración , falta mas  surtido y opciones  de comidas .
Las  piscinas  esplendidas , buena  decoración , habitaciones  cómodas",Escrita el 9 de julio de 2018
1622518327-272,https://www.tripadvisor.cl/Attraction_Review-g297317-d2256171-Reviews-or70-Guembe-Santa_Cruz_Santa_Cruz_Department.html,Higor Rodrigues,"Santa Cruz, Bolivia",Simplemente bello!,jun. de 2017 • Amigos,"Buena atención, lugar hermoso, excelente para quedarse un día con la familia. Me gustaría volver...!",Escrita el 9 de mayo de 2018
1622518327-274,https://www.tripadvisor.cl/Attraction_Review-g297317-d2256171-Reviews-or70-Guembe-Santa_Cruz_Santa_Cruz_Department.html,Felipe G,"Zaragoza, España",Un respiro,abr. de 2018 • Solitario,"Tenía la mañana y parte de la tarde libre y elegí el Parque Güembes. No ne arrepentí. No es un museo de Historia Batural, ni tiene que serlo. El 
mariposario, el terrario, el cotorrario y la instalación del aviario con su mirador son dignos y merecedores de una visita. Especialmente la última que con una instalación aérea muy original, te da una visión fantástica de Sta Cruz y su entorno.
Las piscinas son agradables y se agradece su frescura y la comida es buena y asequible.
No se puede pedir más para una mañana perdida",Escrita el 15 de abril de 2018
1622518327-267,https://www.tripadvisor.cl/Attraction_Review-g297317-d2256171-Reviews-or70-Guembe-Santa_Cruz_Santa_Cruz_Department.html,Flackis010113,"Santa Cruz, Bolivia",Lindo y natural,oct. de 2017 • Familia,"El parque es muy grande y hay zonas naturales muy bien cuidadas pero la última ves que fui, lamentablemente había mucho adolescente tomando y haciendo mucha buya en la piscina y no pudimos estar tranquilos los pequeños y yo.",Escrita el 2 de julio de 2018
1622518366-277,https://www.tripadvisor.cl/Attraction_Review-g297317-d2256171-Reviews-or80-Guembe-Santa_Cruz_Santa_Cruz_Department.html,Pamela MM,"Arica, Chile",Cada día mejor,ene. de 2018 • Familia,"Fuimos en 2016 y era lindo.
Ahora está más grande y más bello.
Disfrutamos mucho sus piscinas y todo el entorno.
Los fines de semana hay buffet pero es lo único que no recomiendo. Poca variedad y no muy sabroso.",Escrita el 26 de marzo de 2018
1622518366-279,https://www.tripadvisor.cl/Attraction_Review-g297317-d2256171-Reviews-or80-Guembe-Santa_Cruz_Santa_Cruz_Department.html,roccodangelo18,"Santa Cruz, Bolivia",Hermoso ma comida mala,feb. de 2018 • Amigos,"Estoy fasinado lo bello de este lugar y su naturaleza es increible para conocer su flora de santa cruz en un dia, pero no es buena la comida  esto deberia mejorar siendo un lugar tan maravilloso.",Escrita el 11 de marzo de 2018
1622518366-281,https://www.tripadvisor.cl/Attraction_Review-g297317-d2256171-Reviews-or80-Guembe-Santa_Cruz_Santa_Cruz_Department.html,Andy P,"Santa Cruz, Bolivia",Hermoso balneario con recorrido temático,mar. de 2018 • Amigos,Otra visita obligada en Santa Cruz; bonito paseo en día soleado para aprovechar las piscinas y recorridos temáticos .,Escrita el 4 de marzo de 2018
1622518366-278,https://www.tripadvisor.cl/Attraction_Review-g297317-d2256171-Reviews-or80-Guembe-Santa_Cruz_Santa_Cruz_Department.html,MarcoInchausti,"La Paz, Bolivia",Magico,mar. de 2018 • Pareja,Una reserva impresionante llena de flora y fauna. Con personal muy amable aunque algo desorganizado. El mantenimiento de las instalaciones es óptimo. Un lugar que encierra una mística especial. Que invita a retornar en cada oportunidad posible. Muy recomendado.,Escrita el 20 de marzo de 2018
1622518366-282,https://www.tripadvisor.cl/Attraction_Review-g297317-d2256171-Reviews-or80-Guembe-Santa_Cruz_Santa_Cruz_Department.html,Sergio A,"Santa Cruz, Bolivia",Sólo para turistas,abr. de 2017 • Amigos,"Personalmente cuando empezó era mucho mejor, pero ahora a pesar de haber incrementado las atracciones, el costo de ingreso lo veo demasiado elevado, no es permitido ingresar alimentos y comer algo ahí dentro es igual absurdo de caro, se espera demasiado y tampoco es una comida deliciosa, es mejor aguantarse y comer algo al salir de ahí, lo rescatable sería la piscina principal, las piscinas naturales y el mariposario, de los paseos a caballo sé de amigos que luego de eso encontraron garrapatas en sus cuerpos.",Escrita el 3 de marzo de 2018
1622518366-275,https://www.tripadvisor.cl/Attraction_Review-g297317-d2256171-Reviews-or80-Guembe-Santa_Cruz_Santa_Cruz_Department.html,FernandaRojas,"Santa Cruz, Bolivia",Aire puro,abr. de 2018 • Pareja,"Perfecto para salir del caos de la rutina de la ciudad y desconectarse sin ir muy lejos.

El aire es puro, los paisajes y plantas son un oasis.

La atención tiene que ser más amigable y la limpieza de los baños es algo que tienen que mejorar.

Es muy caro y la comida no es tan saludable y orgánica de acuerdo al lugar.",Escrita el 7 de abril de 2018
1622518366-280,https://www.tripadvisor.cl/Attraction_Review-g297317-d2256171-Reviews-or80-Guembe-Santa_Cruz_Santa_Cruz_Department.html,Pin-Po I,31 aportes,Como para aconsejar a todos,dic. de 2017,"Un lugar exclusivo, paradisíaco, con todas las comodidades, puedes pasar un día entero realizando varias actividades. Para toda edad, diferentes actividades para realizarlas solo, con amigos o en familia.",Escrita el 5 de marzo de 2018
1622518366-284,https://www.tripadvisor.cl/Attraction_Review-g297317-d2256171-Reviews-or80-Guembe-Santa_Cruz_Santa_Cruz_Department.html,Miguel951,"Provincia de Castellón, España",Entretenido,feb. de 2018 • Amigos,"Un jardín donde encontraras desde mariposas ,loros tortugas etc.bonita piscina se puede pasar unas horas distraído si eres amante de los animales",Escrita el 18 de febrero de 2018
1622518366-283,https://www.tripadvisor.cl/Attraction_Review-g297317-d2256171-Reviews-or80-Guembe-Santa_Cruz_Santa_Cruz_Department.html,gladys2024,5 aportes,Lindo lugar,feb. de 2018 • Familia,"Buen lugar para disfrutar pisina y naturaleza, en este lugar tambien hay ospedaje. Me gusto la caminata hacia el mariposario.",Escrita el 18 de febrero de 2018
1622518366-276,https://www.tripadvisor.cl/Attraction_Review-g297317-d2256171-Reviews-or80-Guembe-Santa_Cruz_Santa_Cruz_Department.html,S_MF_38,"Lima, Perú",Está bien,mar. de 2018 • Solitario,"Fui con mayores expectativas, pero aun cuando cumple al ser un espacio verde, rodeado de árboles y naturaleza, tanto el mariposario como el aviario tienen pocas especies. Las piscinas son grandes y limpias. El almuerzo buffet tiene un costo de 18 dólares e incluye estación de carnes. La entrada al parque cuesta 20 dólares. No hay servicio de toallas, asi que hay que llevar las propias.",Escrita el 2 de abril de 2018
